<?xml version="1.0" encoding="UTF-8" standalone="yes"?>
<addon id="repository.stash" name="Stash addon repository" version="1.0.0" provider-name="gitgiggety">
    <extension point="xbmc.addon.repository" name="Stash Repo">
        <dir>
            <info compressed="false">https://raw.githubusercontent.com/gitgiggety/repository.stash/master/addons.xml</info>
            <checksum>https://raw.githubusercontent.com/gitgiggety/repository.stash/master/addons.xml.md5</checksum>
            <datadir zip="true">https://raw.githubusercontent.com/gitgiggety/repository.stash/master/</datadir>
        </dir>
    </extension>
    <extension point="xbmc.addon.metadata">
        <summary lang="en_GB">Stash Repo</summary>
        <description lang="en_GB">Repository for Stash addon</description>
        <disclaimer></disclaimer>
        <platform>all</platform>
        <assets>
            <icon>icon.png</icon>
            <fanart>fanart.jpg</fanart>
        </assets>
    </extension>
</addon>
