<?xml version="1.0" encoding="UTF-8" standalone="yes"?>
<addon id="plugin.video.stash" name="Stash Kodi Plugin" version="0.0.1" provider-name="gitgiggety">
    <requires>
        <import addon="xbmc.python" version="3.0.0"/>
        <import addon="script.module.requests" version="2.9.1"/>
    </requires>
    <extension point="xbmc.python.pluginsource" library="addon.py">
        <provides>video</provides>
    </extension>
    <extension point="xbmc.addon.metadata">
        <summary lang="en_GB">View videos tracked in Stash</summary>
        <description lang="en_GB">Plugin to browse and view videos which are tracked in Stash (stashapp.io)</description>
        <language></language>
        <platform>all</platform>
        <license>GNU GENERAL PUBLIC LICENSE Version 2, June 1991</license>
        <forum></forum>
        <website></website>
        <email>gitgiggety@outlook.com</email>
        <source></source>
        <news></news>
        <disclaimer></disclaimer>
        <assets>
            <icon>resources/stash_logo.png</icon>
            <fanart></fanart>
        </assets>
    </extension>
</addon>
